{"cameraMode":{"drawMode":0,"name":"Shaded","section":"Shading Mode"},"sceneLighting":false,"audioPlay":false,"sceneViewState":{"showFog":true,"showMaterialUpdate":false,"showSkybox":true,"showFlares":true,"showImageEffects":true,"showParticleSystems":true},"in2DMode":false,"pivot":{"x":-29.20724105834961,"y":4.134493827819824,"z":1.4998060464859009},"rotation":{"x":0.32222121953964236,"y":-0.25056886672973635,"z":0.08886387199163437,"w":0.908565878868103},"size":3.9776275157928469,"orthographic":false}